INSERT INTO `user` (`uid`, `uname`, `uposition`, `ugender`, `ubirthday`, `utel`, `uaddress`, `upassword`) VALUES (1, 'Alan', '普通员工', '男', '2000-02-21 00:00:00', '15370129382', '江西省南昌市', '123');
INSERT INTO `user` (`uid`, `uname`, `uposition`, `ugender`, `ubirthday`, `utel`, `uaddress`, `upassword`) VALUES (2, 'Bob', '面试官', '男', '2000-01-01 00:00:00', '15920201948', '江西省萍乡市', '123');
INSERT INTO `user` (`uid`, `uname`, `uposition`, `ugender`, `ubirthday`, `utel`, `uaddress`, `upassword`) VALUES (3, 'Lisa', '首席执行官', '女', '2001-03-18 00:00:00', '15770779257', '江西省赣州市', '123');
INSERT INTO `tv_room` (`tvrid`, `tvrsize`) VALUES (100, 150.00);
INSERT INTO `tv_room` (`tvrid`, `tvrsize`) VALUES (101, 160.50);
INSERT INTO `tv_room` (`tvrid`, `tvrsize`) VALUES (103, 100.60);
INSERT INTO `column` (`cid`, `cname`, `ctime`, `cduration`) VALUES (300, '非诚勿扰', '2021-12-30 21:08:26', 3600);
INSERT INTO `column` (`cid`, `cname`, `ctime`, `cduration`) VALUES (301, '非常6+1', '2021-12-23 21:09:03', 4800);
INSERT INTO `column` (`cid`, `cname`, `ctime`, `cduration`) VALUES (302, '家庭幽默录像', '2021-12-07 21:09:26', 3600);
INSERT INTO `advertisement` (`aid`, `aprice`) VALUES (200, 800.00);
INSERT INTO `advertisement` (`aid`, `aprice`) VALUES (201, 400.50);
INSERT INTO `advertisement` (`aid`, `aprice`) VALUES (202, 500.00);
INSERT INTO `ad_dispatch` (`adid`, `aid`, `cid`) VALUES (400, 200, 302);
INSERT INTO `ad_dispatch` (`adid`, `aid`, `cid`) VALUES (401, 201, 300);
INSERT INTO `ad_dispatch` (`adid`, `aid`, `cid`) VALUES (402, 202, 301);
INSERT INTO `dispatch_list` (`did`, `cid`, `tvrid`, `uid`) VALUES (1, 300, 101, 1);
INSERT INTO `dispatch_list` (`did`, `cid`, `tvrid`, `uid`) VALUES (2, 301, 103, 3);
INSERT INTO `dispatch_list` (`did`, `cid`, `tvrid`, `uid`) VALUES (3, 302, 100, 2);
INSERT INTO `dispatch_audit` (`dlaid`, `dlid`, `dluid`, `dlstatus`) VALUES (500, 1, 1, '未审批');
INSERT INTO `dispatch_audit` (`dlaid`, `dlid`, `dluid`, `dlstatus`) VALUES (501, 2, 1, '未审批');
INSERT INTO `dispatch_audit` (`dlaid`, `dlid`, `dluid`, `dlstatus`) VALUES (502, 3, 2, '已通过');
INSERT INTO `dispatch_audit` (`dlaid`, `dlid`, `dluid`, `dlstatus`) VALUES (503, 3, 1, '未通过');
